{"\u53bb\u516c\u53f8": [0.014875598835049257, 0.023592654028637115, 0.015621092157960528, 0.005440560565591623, 0.03226494573038583, 0.04265448884299654, 0.09312042563150716, 0.06344948463888649, 0.027654315186401733, 0.0031523933983268362, 0.013092690858920364, 0.01876809866294247, 0.010699814405134076, 0.020988352769961707, 0.02094914953719772, 0.013004091886444653, 0.015049982427524958, 0.02596634450562685, 0.02825088238867251, 0.05588028826384917, 0.029717816493559406, 0.01230704275299928, 0.03821051571475526, 0.07436684039626362, 0.008006261161812175, 0.04234427543782933, 0.002313445698965011, 0.02406347973207402, 0.01162094528900253, 0.007107176408216155, 0.01025352869185176, 0.012318601540510976, 0.007876655350675658, 0.007901297475709813, 0.004517481817855324, 0.004538290545230638, 0.016251783546134713, 0.007521388837443225, 0.005850334444364149, 0.0011880012032863692, 0.003863579925262319, 0.008630810033838247, 0.0014608316372850623, 0.00627559531631628, 0.00573113861877789, 0.007875003330672618, 0.007326611558833308, 0.007356053323944586, 0.0032133023880704173, 0.006495265937874132, 0.005008140629231584, 0.006765969406252108, 0.01142615174848128, 0.00534070684944223, 0.003018274934194894, 0.0045142139389498575, 0.005105406520291143, 0.003234274063375357, 0.004603740923857621, 0.005310013393778136, 0.0007318324695475281, 0.006238486759826489, 0.004406804711462169, 0.003316936278250314], "\u56de\u5bb6": [0.031081150818076362, 0.022520364094846104, 0.027955413367595213, 0.035120061822747774, 0.030720352219439608, 0.048137332008617965, 0.043769970221961954, 0.13740935250649683, 0.036358005734637336, 0.0946909884470211, 0.012050850607957412, 0.013253880868707296, 0.004517120193422505, 0.006329766606491605, 0.006217216781745699, 0.027825850828441023, 0.027196929390364763, 0.03455521707267901, 0.0170246662820305, 0.019711878305222984, 0.013620619519937979, 0.030166876097768233, 0.01546890595753242, 0.002791292020513825, 0.006189075027591616, 0.02244265782331028, 0.00439502222595838, 0.018229373057034287, 0.018727312107582918, 0.01434415539323924, 0.009405066468085409, 0.02131161477984147, 0.020901073883553316, 0.0017492526665492214, 0.00574529072296369, 0.0054719389796798685, 0.0078632444962482, 0.006267889888554992, 0.007845862677724077, 0.018159675784452597, 0.0041181327686692195, 0.012385281140929485, 0.0015670566851928346, 0.002474579710147028, 0.006946502521959671, 0.008273213359283195, 0.00425821806090042, 0.001027887937093108, 0.003371268875934148, 0.001635031137680015, 0.004561637724333067, 0.0033135805066159987, 0.003002792479457474, 0.0009587885193528072, 0.0026640493925385567, 0.003480341164342521, 0.0015558219749004884, 0.0005376300515027393, 0.0008971740047184041, 0.0004947486127647413, 0.0010320117606409708, 0.0005892102842223207, 0.0025387068803670834, 0.0007737350705993474], "\u53d6\u6d88\u5bfc\u822a": [0.008784111831083305, 0.023217667638210548, 0.11016634511326902, 0.04000646954794886, 0.015086391661791558, 0.031111853330315475, 0.053438500332203105, 0.023170003842039058, 0.04257825359297043, 0.03817675564377554, 0.010501089343471597, 0.005388172344847931, 0.01926786357408549, 0.020726525966609705, 0.028719983044804248, 0.008511512704403921, 0.031225122384406646, 0.010578979056506364, 0.02815322843665586, 0.0327268247390735, 0.0605967885849953, 0.011226612252370483, 0.006557777502807851, 0.005044925797823166, 0.009882210815465357, 0.01924727254656121, 0.027326367050920255, 0.01642912582734105, 0.006805378309296334, 0.008473595388625643, 0.07914333484499529, 0.04992115181528944, 0.007284293468621807, 0.005899955258428646, 0.00955524704371728, 0.0008700070180356782, 0.003115543504538649, 0.0062670768638803396, 0.007177007961126401, 0.006547064386024233, 0.0054711684553046145, 0.0025003938042267686, 0.009482834851578853, 0.0018266756399852105, 0.001391889879808331, 0.004109870742721483, 0.002944367840623721, 0.0013818221459436586, 0.0032240165639954754, 0.0008338498383096551, 0.008239018068118473, 0.004839257993262148, 0.005209123699544789, 0.0006527198730921071, 0.0011316649491869128, 0.002853985898597089, 0.002097972153731128, 0.0018511891288690155, 0.003155042272080869, 0.002721294175851795, 0.0012572572053612583, 0.0002604201567543914, 0.0017190398286858627, 0.0019387145767826752], "\u8fd8\u6709\u591a\u8fdc": [0.013844235043512237, 0.007939566454863043, 0.05398937334777914, 0.02348086503211799, 0.014900078041379057, 0.005125041361382165, 0.09161723592181045, 0.1982937517306957, 0.022338318916764827, 0.02644335629582609, 0.013282953376332613, 0.012006043731903119, 0.0022700920345882854, 0.013632382612990868, 0.007187183032937781, 0.003547563008151066, 0.009478808643844707, 0.03389245485026838, 0.030044039889778686, 0.00524238538922623, 0.01569381716285361, 0.003988959390704307, 0.021526699854052818, 0.09249817246632092, 0.026280914140781444, 0.02120813474773609, 0.009570316377311774, 0.010866407074461968, 0.016432669662654303, 0.005322889520619965, 0.04643438614000523, 0.025789007658969243, 0.011693875717979972, 0.02072887030984688, 0.001333702472762686, 0.007576772881939162, 0.002326901311758363, 0.003146302208175982, 0.003848915109163443, 0.005840987802471785, 0.0021464756099571296, 0.0008622883618016235, 0.0006274643334922121, 0.003907472425621749, 0.010072781342770655, 0.002065368931621194, 0.007737603315766831, 0.005576337743091653, 0.001690632682168383, 0.0063328090597775935, 0.0024178627405850965, 0.0008274424564209885, 0.0020676323274155563, 0.0016877415649410102, 0.0030501570638154034, 0.0005946026507522382, 0.0032860015269848383, 0.0008281933190409119, 0.0006264432529102863, 0.0008238989590783319, 0.0004854809232023528, 0.0008680994334709692, 0.00030196446356347254, 0.0004507947318484492], "\u5f00\u59cb\u5bfc\u822a": [0.047513489024187484, 0.06028308824118407, 0.046320578543051105, 0.05613210129126449, 0.01833222675278784, 0.03966112053040222, 0.01256719024821843, 0.07130220076617216, 0.036389873615648424, 0.039022675507665854, 0.01954503900750055, 0.008235379821503368, 0.026294943295537433, 0.011767353614793037, 0.010797081281862051, 0.00390170747401983, 0.026040274378058156, 0.008868078710387656, 0.039671695839196525, 0.024419614796075004, 0.020295478664261, 0.013625085265998956, 0.02372800723279457, 0.03449840067930294, 0.025092813231389604, 0.007492906052915821, 0.006403075177924334, 0.027820915541393605, 0.00608238851154221, 0.022882850817964297, 0.019666776417597284, 0.0485210297728894, 0.011080755185149149, 0.006745263533449762, 0.005481316432119987, 0.007410201419370754, 0.004867998259265108, 0.0054319779279841315, 0.005595136300104121, 0.009604678853290756, 0.00824384804712703, 0.005030045911045989, 0.012455556682840345, 0.001498265101211558, 0.007293514038338398, 0.004002941362012993, 0.004655907347791818, 0.002264879171058308, 0.0037972736338579395, 0.0030236610021853677, 0.0036908113967242476, 0.003431816930302627, 0.0003818701080783934, 0.005806408390329323, 0.00193114579240592, 0.0032220364822196724, 0.0014045077986263095, 0.0009270013214351323, 0.003038843711419533, 0.0007494457704459725, 0.0007924895253937845, 0.000288348449191119, 0.0009114693998861309, 0.0017651167512211868]}